,Unnamed: 0,Title,Url,Date,Summary,Industry
0,0,Researchers Try to Head Off “Murder Hornets” Coming into US,https://www.the-scientist.com/news-opinion/researchers-try-to-head-off-murder-hornets-coming-into-us-67505," May 4, 2020",Asian giant hornets were found for the first time in Washington State and could reemerge in the spring.,Agriculture and Agribusiness
1,1,Genomics Reveals How Humans Can Inadvertently Drive Plant Mimicry,https://www.the-scientist.com/notebook/genomics-reveals-how-humans-can-inadvertently-drive-plant-mimicry-67165," Mar 1, 2020","Hand weeding of fields spurred an interloper to evolve a rice-like appearance, researchers conclude.",Agriculture and Agribusiness
2,2,Variation in Cannabis Testing Challenges a Young Industry,https://www.the-scientist.com/bio-business/the-wild-west-of-cannabis-testing-67175," Mar 1, 2020",The US lacks standardized methods to assess products for potency and safety. That’s a big problem for the labs tasked with doing the testing.,Agriculture and Agribusiness
3,3,Image of the Day: Dog Detectives,https://www.the-scientist.com/image-of-the-day/image-of-the-day--dog-detectives-67058," Feb 5, 2020",Trained canines are remarkably accurate at detecting a pathogen that has devastated citrus crops.,Agriculture and Agribusiness
4,4,Infographic: Preventing a Swine Pandemic,https://www.the-scientist.com/infographics/infographic--preventing-a-swine-pandemic-66935," Jan 13, 2020","With millions of pigs killed due to a major outbreak of African swine fever virus in Asia, researchers have intensified efforts to find a vaccine quickly.",Agriculture and Agribusiness
5,5,Infographic: The Lifecycle of African Swine Fever Virus,https://www.the-scientist.com/infographics/infographic--the-lifecycle-of-african-swine-fever-virus-66938," Jan 13, 2020",Understanding how domestic pigs can be infected with the deadly virus could be key to protecting them from it.,Agriculture and Agribusiness
6,6,Infographic: A Deadly Pig Virus’s Escapes from Africa,https://www.the-scientist.com/infographics/infographic--a-deadly-pig-viruss-escapes-from-africa-66939," Jan 13, 2020","African swine fever virus has left the continent on three occasions, causing outbreaks in Europe, the Americas, and most recently, East Asia.",Agriculture and Agribusiness
7,7,Can a Vaccine Save the World’s Pigs from African Swine Fever?,https://www.the-scientist.com/features/can-a-vaccine-save-the-worlds-pigs-from-african-swine-fever--66931," Jan 13, 2020","A devastating outbreak of the virus across East Asia has made the long-neglected pathogen a top research priority, but many challenges lie ahead.",Agriculture and Agribusiness
8,8,Yellow Dye in Turmeric Linked with Lead Poisoning in Bangladesh,https://www.the-scientist.com/news-opinion/yellow-dye-in-turmeric-linked-with-lead-poisoning-in-bangladesh-66854," Dec 17, 2019",Scientists track the spice from the soil to the market to pinpoint the source of contamination in pregnant women’s blood.,Agriculture and Agribusiness
9,9,Image of the Day: Fragmented Habitat,https://www.the-scientist.com/image-of-the-day/image-of-the-day--fragmented-habitat-66851," Dec 17, 2019",Human activities may be affecting both narrow-ranged plants and widespread ones.,Agriculture and Agribusiness
10,10,Eavesdropping on Soil Insects Could Aid Pest Management,https://www.the-scientist.com/notebook/eavesdropping-on-soil-insects-could-aid-pest-management-66582," Nov 1, 2019","Insects in the soil are difficult to monitor, but listening in on the noises they make could help farmers detect pest infestations and improve estimates of biodiversity.",Agriculture and Agribusiness
11,11,The Long Road to Edible Cottonseed,https://www.the-scientist.com/news-opinion/the-long-road-to-edible-cottonseed-66560," Oct 11, 2019",The FDA recently cleared the way for marketing of the genetically modified product. Texas A&M’s Keerti Rathore speaks with The Scientist about why and how it was developed.,Agriculture and Agribusiness
12,12,Trump Administration Overturns Clean Water Regulation ,https://www.the-scientist.com/news-opinion/trump-administration-overturns-clean-water-regulation--66429," Sep 16, 2019",The repeal will return the US to water standards from 1986. ,Agriculture and Agribusiness
13,13,Image of the Day: Root Pottery,https://www.the-scientist.com/image-of-the-day/image-of-the-day--root-pottery-66428," Sep 16, 2019",An agroecology grad student creates rhizosphere-inspired art.,Agriculture and Agribusiness
14,14,Dreaded Banana-Infecting Fungus Spreads to Latin America,https://www.the-scientist.com/news-opinion/dreaded-banana-infecting-fungus-spreads-to-latin-america-66303," Aug 20, 2019","Researchers confirm TR4’s presence in Colombia, increasing concerns about the future of the industry.",Agriculture and Agribusiness
15,15,Antibiotic Ineffective Against Citrus Greening: Study,https://www.the-scientist.com/news-opinion/antibiotic-ineffective-against-citrus-greening--study-66298," Aug 19, 2019","Oxytetracycline, approved by the US government to combat citrus scourge, may not work—at least not as a spray.",Agriculture and Agribusiness
16,16,USDA Labs’ Move to Kansas City Might Be Illegal,https://www.the-scientist.com/news-opinion/usda-labs-move-to-kansas-city-might-be-illegal-66236," Aug 6, 2019","An inspector general finds that the agency was supposed to have received congressional approval before relocating facilities out of Washington, DC.",Agriculture and Agribusiness
17,17,Image of the Day: Safety in Numbers,https://www.the-scientist.com/image-of-the-day/image-of-the-day-safety-in-numbers-66178," Jul 22, 2019","Male Asian elephants are forming long-term, all-male groups to forage in agricultural areas of India.",Agriculture and Agribusiness
18,18,EPA Will Not Ban Pesticide Linked to Neurological Issues,https://www.the-scientist.com/news-opinion/epa-will-not-ban-pesticide-linked-to-neurological-issues-66180," Jul 19, 2019",The agency argues that chlorpyrifos is one of few “cost-effective options” for controlling certain farm pests.,Agriculture and Agribusiness
19,19,Agriculture and Climate Shape Biodiversity on Mount Kilimanjaro,https://www.the-scientist.com/notebook/agriculture-and-climate-shape-biodiversity-on-mount-kilimanjaro-66094," Jul 15, 2019",A six-year study across the Tanzanian mountain’s slopes hints at how land-use practices will interact with a changing climate to influence ecosystems around the world.,Agriculture and Agribusiness
20,20,Scientists Race to Build Vaccine for African Swine Fever ,https://www.the-scientist.com/news-opinion/scientists-race-to-build-vaccine-for-african-swine-fever--66034," Jun 24, 2019","The devastating outbreak of the disease that has led to millions of pig deaths in East Asia has intensified efforts to develop a vaccine quickly, but the virus presents several challenges that are yet to be overcome.",Agriculture and Agribusiness
21,21,Opinion: Agriculture Must Replace Small Science with Big Science,https://www.the-scientist.com/news-opinion/opinion--agriculture-must-replace-small-science-with-big-science-66014," Jun 17, 2019",Agronomic sciences should follow the lead of genetics and other disciplines in sharing data.,Agriculture and Agribusiness
22,22,Genetically Modified Wheat Found in a Field in Washington State,https://www.the-scientist.com/news-opinion/genetically-modified-wheat-found-in-a-field-in-washington-state-65991," Jun 9, 2019","The unapproved crop is resistant to glyphosate in the weedkiller Roundup, but doesn’t seem to have entered the food supply.",Agriculture and Agribusiness
23,23,Couple With Cancer Wins $2 Billion in Case Against Monsanto,https://www.the-scientist.com/news-opinion/couple-with-cancer-wins--2-billion-in-case-against-monsanto-65870," May 14, 2019","In determining that the illnesses came about from exposure to glyphosate in Roundup, a California jury delivers the biggest loss so far to the herbicide manufacturer in lawsuits about the product.",Agriculture and Agribusiness
24,24,California Seeks to Ban Chlorpyrifos-Containing Pesticides,https://www.the-scientist.com/news-opinion/california-seeks-to-ban-chlorpyrifos-containing-pesticides-65850," May 9, 2019",The state’s Environmental Protection Agency says that evidence of the chemical’s link to neurological problems in children is overwhelming.,Agriculture and Agribusiness
25,25,Widespread Declines in UK’s Pollinators: Study,https://www.the-scientist.com/news-opinion/widespread-declines-in-uks-pollinators--study-65666," Mar 26, 2019","Over 30 years, one-third of the wild bees and hoverfly species surveyed sustained losses, likely due to pesticides, habitat loss, and climate change.",Agriculture and Agribusiness
26,26,"Softer Diets Allowed Early Humans to Pronounce “F,” “V” Sounds",https://www.the-scientist.com/news-opinion/softer-diets-allowed-early-humans-to-pronounce-f--v-sounds-65595," Mar 14, 2019","Drastic dietary changes during the agricultural revolution altered the configuration of the human bite, paving the way for new sounds in spoken language, a new study finds.",Agriculture and Agribusiness
27,27,Opinion: GE Crops Are Seen Through a Warped Lens,https://www.the-scientist.com/critic-at-large/opinion--ge-crops-are-seen-through-a-warped-lens-65355," Jan 31, 2019",Risks that pertain to all manner of new crops are often misattributed to genetic engineering. This distorts the public’s view of the technology.,Agriculture and Agribusiness
28,28,Image of the Day: Corn Fed,https://www.the-scientist.com/image-of-the-day/image-of-the-day--corn-fed-65149," Nov 29, 2018","Bumblebee colonies grow poorly in landscapes dominated by maize, researchers find.",Agriculture and Agribusiness
29,29,"Industry-Funded Pesticide Data Problematic, Study Shows",https://www.the-scientist.com/news-opinion/industry-funded-pesticide-data-problematic--study-shows-65144," Nov 27, 2018","Scrutinizing a company’s study on a widely used pesticide, chlorpyrifos, academic researchers find shortcomings in analyses and public disclosures of results. ",Agriculture and Agribusiness
30,30,Pesticide Exposure Alters Bumblebees’ Behavior in Their Nests,https://www.the-scientist.com/news-opinion/pesticide-exposure-alters-bumblebee-behavior-in-their-nests-65054," Nov 8, 2018",A high-tech approach to monitoring bee activity inside the nest reveals how the neonicotinoid imidacloprid impairs colony growth.,Agriculture and Agribusiness
31,31,USDA Approves Edible Cotton,https://www.the-scientist.com/news-opinion/usda-approves-edible-cotton-65009," Oct 29, 2018","While farmers have the green light to grow the genetically engineered plant, FDA approval is still needed before the seeds are sold as food.",Agriculture and Agribusiness
32,32,Deadly Swine Disease Spreads Among Pigs in China,https://www.the-scientist.com/news-opinion/deadly-swine-disease-spreads-among-pigs-in-china-64997," Oct 25, 2018",Tens of thousands of hogs are being slaughtered to stop its spread.,Agriculture and Agribusiness
33,33,Climate Change Likely to Ding Beer Supply,https://www.the-scientist.com/news-opinion/climate-change-likely-to-ding-beer-supply-64936," Oct 15, 2018","The average price of a pint could double by the end of this century because of declines in barley yields, a study predicts.",Agriculture and Agribusiness
34,34,Questions Raised About DARPA-Funded Crop Program,https://www.the-scientist.com/news-opinion/questions-raised-about-darpa-funded-crop-program-64898," Oct 4, 2018","Critics of an agricultural research initiative cite concerns about possible weaponization of the resulting technology, which would use infected insects to deliver genetically modified viruses to plants.",Agriculture and Agribusiness
35,35,Celebrated Brazilian Bee Scientist Warwick Kerr Dies,https://www.the-scientist.com/news-opinion/celebrated-brazilian-bee-scientist-warwick-kerr-dies-64886," Oct 2, 2018","Revered as a humanitarian and scientist, Kerr was also blamed for the introduction of aggressive Africanized bees to the Americas.",Agriculture and Agribusiness
36,36,Entire Bread Wheat Genome Fully Annotated,https://www.the-scientist.com/news-opinion/entire-bread-wheat-genome-fully-annotated-64654," Aug 17, 2018",It took an international group of researchers 13 years to crack the code and their efforts are already bearing fruit—one study has pinned down the genes responsible for wheat allergies and sensitivity. ,Agriculture and Agribusiness
37,37,Reorganization of USDA Research Offices Concerns Scientists,https://www.the-scientist.com/news-opinion/reorganization-of-usda-research-offices-concerns-scientists-64651," Aug 16, 2018","The plan would move two scientific branches out of Washington, DC, by 2019.",Agriculture and Agribusiness
38,38,New Pesticide Affects Bumblebee Reproduction,https://www.the-scientist.com/news-opinion/New-Pesticide-Affects-Bumblebee-Reproduction-64647," Aug 15, 2018","Sulfoxaflor, an alternative insect-killer to older chemicals that decimate pollinators, turns out to kneecap colonies.",Agriculture and Agribusiness
39,39,Florida Is Having a 10-Month Streak of Toxic Red Tide,https://www.the-scientist.com/news-opinion/florida-is-having-a-10-month-streak-of-toxic-red-tide-64632," Aug 10, 2018","Can clay particles, ozone, or phages stop the algae bloom that is killing wildlife and posing a health risk to humans?",Agriculture and Agribusiness
40,40,Mutated Gene Could Raise Marine Mammals’ Vulnerability to Pesticides,https://www.the-scientist.com/news-opinion/mutated-gene-could-raise-marine-mammals-vulnerability-to-pesticides-64628," Aug 10, 2018","The resulting lost protein, PON1, breaks down organophosphates in land mammals.",Agriculture and Agribusiness
41,41,Scientists Can’t Agree on What’s Making Pistachio Trees Sick,https://www.the-scientist.com/notebook/scientists-cant-agree-on-whats-making-pistachio-trees-sick-64526," Jul 31, 2018","A new study ignites debate on the cause of pistachio bushy top syndrome, a disease that has crippled farms in California, Arizona, and New Mexico.",Agriculture and Agribusiness
42,42,Image of the Day: A-maize-ing!,https://www.the-scientist.com/image-of-the-day/image-of-the-day-a-maize-ing-36356," May 3, 2018","By combining alleles involved in plant height, an agricultural scientist has grown the world’s tallest cornstalk, breaking his own record set in 2017.",Agriculture and Agribusiness
43,43,Organic Fertilizers Rife With Microplastics: Study,https://www.the-scientist.com/the-scientist/organic-fertilizers-rife-with-microplastics-study-30034," Apr 4, 2018","Converting biowaste to plant food is an overlooked source of tiny plastic pollutants, researchers say.",Agriculture and Agribusiness
44,44,"Russian Sites Promote Anti-GMO Articles, Study Finds",https://www.the-scientist.com/the-nutshell/russian-sites-promote-anti-gmo-articles-study-finds-30061," Feb 28, 2018","RT and Sputnik publish stories about GMOs more often than US outlets, and typically portray them in a negative light.",Agriculture and Agribusiness
45,45,Book Excerpt from How to Feed the World,https://www.the-scientist.com/magazine-issue/book-excerpt-from-how-to-feed-the-world-30293," Feb 11, 2018","In chapter 5, “The Technology Ticket,” contributing author Uris Baldos urges acceptance and investment in “precision agriculture” to provide for a burgeoning global population.",Agriculture and Agribusiness
46,46,How Toxic is the World’s Most Popular Herbicide Roundup?,https://www.the-scientist.com/news-opinion/how-toxic-is-the-worlds-most-popular-herbicide-roundup-30308," Feb 6, 2018","Glyphosate, the active ingredient in Roundup, is designed to be toxic to plants, but scientists observe some untoward effects on animals in the lab. ",Agriculture and Agribusiness
47,47,Image of the Day: Colorado Potato Beetles,https://www.the-scientist.com/image-of-the-day/image-of-the-day-colorado-potato-beetles-30315," Feb 6, 2018","Leptinotarsa decemlineata has been decimating agricultural crops since at least the 19th century, and by sequencing its genome researchers hope to explore new strategies for controlling the pest.",Agriculture and Agribusiness
48,48,Contributors,https://www.the-scientist.com/contributors/contributors-30115," Jan 31, 2018",Meet some of the people featured in the February 2018 issue of The Scientist.,Agriculture and Agribusiness
49,49,Anjali Iyer-Pascuzzi Investigates How Pathogens Invade Plant Roots,https://www.the-scientist.com/scientist-to-watch/anjali-iyer-pascuzzi-investigates-how-pathogens-invade-plant-roots-30131," Jan 31, 2018",The Purdue University researcher is one of the first to examine the molecular processes that underlie infection by soil microbes.,Agriculture and Agribusiness
50,50,Agricultural Technology Can Save Humanity from Starvation (Again),https://www.the-scientist.com/reading-frames/agricultural-technology-can-save-humanity-from-starvation-again-30135," Jan 31, 2018",We are on the cusp of yet another revolution in how we feed the populace.,Agriculture and Agribusiness
51,51,Researchers Learn from Plant Viruses to Protect Crops,https://www.the-scientist.com/features/researchers-learn-from-plant-viruses-to-protect-crops-30125," Jan 31, 2018","Plants are locked in an ancient arms race with hostile viruses, but genome editing is giving crops the upper hand.",Agriculture and Agribusiness
52,52,Infographic: Plants’ Microbial Communities,https://www.the-scientist.com/infographics/infographic-plants-microbial-communities-30339," Jan 31, 2018","Like animals, plants host communities of microbes that influence a wide variety of their biological processes.",Agriculture and Agribusiness
53,53,How Viruses Attack Plants,https://www.the-scientist.com/infographics/how-viruses-attack-plants-30340," Jan 31, 2018","Viruses are incapable of reproducing without the help of a host, whose cells copy their genetic material and fabricate the building blocks of new virus particles.",Agriculture and Agribusiness
54,54,Growing Awareness,https://www.the-scientist.com/videos/growing-awareness-30343," Jan 31, 2018","University of California, Riverside, plant biologist Katie Dehesh explains the importance of agricultural research.",Agriculture and Agribusiness
55,55,"Breakthrough Prizes Recognize Geneticists, Big Bang Researchers",https://www.the-scientist.com/the-nutshell/breakthrough-prizes-recognize-geneticists-big-bang-researchers-30549," Dec 3, 2017",Among this year’s winners are a geneticist who revealed how plants respond to shade and a group of physicists who mapped the universe’s background radiation.,Agriculture and Agribusiness
56,56,European Commission Grants Five-Year License Renewal for Glyphosate,https://www.the-scientist.com/news-opinion/european-commission-grants-five-year-license-renewal-for-glyphosate-30578," Nov 28, 2017",The approval of the Roundup ingredient follows an extensive debate amidst conflicting evidence over the health effects of the world’s most popular weed killer. ,Agriculture and Agribusiness
57,57,Long-term Study Finds That the Pesticide Glyphosate Does Not Cause Cancer,https://www.the-scientist.com/news-opinion/long-term-study-finds-that-the-pesticide-glyphosate-does-not-cause-cancer-30635," Nov 9, 2017","The report provides evidence that goes against concerns that Monsanto’s popular herbicide, Roundup, is carcinogenic. ",Agriculture and Agribusiness
58,58,Washington State University Researchers Complain of Industry Influence,https://www.the-scientist.com/the-nutshell/washington-state-university-researchers-complain-of-industry-influence-30652," Nov 6, 2017",Agriculture faculty members allege funding from industry organizations is tied to their employment status.,Agriculture and Agribusiness
59,59,Pesticide Residues Linked to Unsuccessful IVF,https://www.the-scientist.com/the-nutshell/pesticide-residues-linked-to-unsuccessful-ivf-30691," Oct 30, 2017",Women who ate more produce known to harbor pesticides were less likely to succeed with fertility treatment than women who ate fewer of these fruits and vegetables.,Agriculture and Agribusiness
60,60,"WHO Cherry-Picked Data on Pesticide, Investigation Finds",https://www.the-scientist.com/news-opinion/who-cherry-picked-data-on-pesticide-investigation-finds-30720," Oct 22, 2017",A group evaluating glyphosate’s cancer risk omitted evidence that the chemical is not carcinogenic.,Agriculture and Agribusiness
61,61,Insects Are Increasingly Evolving Resistance to Genetically Modified Crops,https://www.the-scientist.com/the-nutshell/insects-are-increasingly-evolving-resistance-to-genetically-modified-crops-30750," Oct 13, 2017",Plantings of non-GM refuges counter the development of resistance.,Agriculture and Agribusiness
62,62,Infographic: Evolving Virulence,https://www.the-scientist.com/multimedia/infographic-evolving-virulence-30813," Sep 30, 2017",Tracking the myxoma virus in the wild rabbit populations of Australia has yielded insight into how pathogens and their hosts evolve.,Agriculture and Agribusiness
63,63,Trump Nominates Sam Clovis to Lead USDA Research,https://www.the-scientist.com/news-opinion/trump-nominates-sam-clovis-to-lead-usda-research-31190," Jul 20, 2017",The choice of an economics professor and climate change denialist is slammed by science advocates.,Agriculture and Agribusiness
64,64,Bacteriophages to the Rescue,https://www.the-scientist.com/reading-frames/bacteriophages-to-the-rescue-31226," Jul 16, 2017",Phage therapy is but one example of using biological entities to reduce our reliance on antibiotics and other failing chemical solutions.,Agriculture and Agribusiness
65,65,First Genetic Screen of Pigs Using ENU,https://www.the-scientist.com/daily-news/first-genetic-screen-of-pigs-using-enu-31242," Jul 14, 2017","Using the mutagenic chemical N-ethyl-N-nitrosourea, researchers confirm the role of a gene in a piglet deformity and identify potential models for human diseases. ",Agriculture and Agribusiness
66,66,Opinion: Hidden Environmental Cost in Green Solutions,https://www.the-scientist.com/news-opinion/opinion-hidden-environmental-cost-in-green-solutions-31299," Jun 30, 2017",The inclusion of soil nutrient fluxes is critical for more-accurately assessing the societal value of ethanol biofuel vs. corn feed.,Agriculture and Agribusiness
67,67,Field Studies Confirm Neonicotinoids’ Harm to Bees,https://www.the-scientist.com/news-opinion/field-studies-confirm-neonicotinoids-harm-to-bees-31304," Jun 29, 2017","Two large studies find that, in real-world conditions, the insecticides are detrimental to honey bees and bumblebees.",Agriculture and Agribusiness
68,68,Uncovering the Secrets of a Successful Pest,https://www.the-scientist.com/notebook/uncovering-the-secrets-of-a-successful-pest-31576," Apr 30, 2017",The green peach aphid can colonize new host plants with ease through rapid changes in gene expression.,Agriculture and Agribusiness
69,69,45 Feet High and Rising,https://www.the-scientist.com/multimedia/45-feet-high-and-rising-31627," Apr 24, 2017",Maize enthusiast Jason Karl aims to continue breaking his own records for the tallest corn plants ever grown.,Agriculture and Agribusiness
70,70,Record-Setting Corn Grows 45 Feet Tall,https://www.the-scientist.com/notebook/record-setting-corn-grows-45-feet-tall-31739," Mar 31, 2017",A plant breeder succeeds in growing a huge maize plant thanks to a known mutation and a few environmental tricks.,Agriculture and Agribusiness
71,71,Andrea Eveland Teases Apart Gene Networks in Crop Plants,https://www.the-scientist.com/scientist-to-watch/andrea-eveland-teases-apart-gene-networks-in-crop-plants-32098," Jan 31, 2017",The Donald Danforth Plant Science Center researcher links complex traits to the genes that underlie them.,Agriculture and Agribusiness
72,72,"Improving Tomato Flavor, Genetically",https://www.the-scientist.com/the-nutshell/improving-tomato-flavor-genetically-32138," Jan 26, 2017",A sequencing blitz on the tomato genome reveals the genes that contribute most to tastiness.,Agriculture and Agribusiness
73,73,Superbug Gene Found on Pig Farm,https://www.the-scientist.com/the-nutshell/superbug-gene-found-on-pig-farm-32395," Dec 6, 2016",Evidence of resistance to a “last-resort” drug for antibiotic-resistant bacteria is discovered among farm animals for the first time.,Agriculture and Agribusiness
74,74,Plant Biologist Killed in Ethiopian Protest,https://www.the-scientist.com/the-nutshell/plant-biologist-killed-in-ethiopian-protest-32724," Oct 6, 2016",Stone throwers hit the car Sharon Gray was riding in while visiting the country for a meeting.,Agriculture and Agribusiness
75,75,Science History: The First Transgenic Arabidopsis,https://www.the-scientist.com/foundations/science-history-the-first-transgenic-arabidopsis-32767," Sep 30, 2016",Tweaks to a transformation protocol in 1986 cemented the little plant's mighty role in plant genetics research.,Agriculture and Agribusiness
76,76,Monsanto Buys Rights to CRISPR,https://www.the-scientist.com/the-nutshell/monsanto-buys-rights-to-crispr-32802," Sep 27, 2016","The US agribusiness secures a global, nonexclusive licensing agreement from the Broad Institute to use the gene-editing technology for agricultural applications.",Agriculture and Agribusiness
77,77,Bayer Looks to Buy Monsanto,https://www.the-scientist.com/the-nutshell/bayer-looks-to-buy-monsanto-32852," Sep 14, 2016",The US agribusiness behemoth agreed to a $57 billion buyout offer from the European pharmaceutical giant.,Agriculture and Agribusiness
78,78,Protein or Perish,https://www.the-scientist.com/infographics/protein-or-perish-32945," Aug 31, 2016",A bacteriophage must evolve certain variants of a protein or die.,Agriculture and Agribusiness
79,79,Donor-Soil Microbes Drive Ecosystem Restoration,https://www.the-scientist.com/daily-news/donor-soil-microbes-drive-ecosystem-restoration-33214," Jul 11, 2016","Excavating existing topsoil and adding donor soil, researchers revitalized degraded farmland in the span of six years.",Agriculture and Agribusiness
80,80,Nobel Laureates vs. Greenpeace,https://www.the-scientist.com/the-nutshell/nobel-laureates-vs-greenpeace-33281," Jun 30, 2016","Dozens of Nobel Prize winners pen an open letter, calling on the environmental organization to stop spreading false claims regarding genetically modified organisms.",Agriculture and Agribusiness
81,81,Study: Farming Arose Twice in the Ancient Middle East,https://www.the-scientist.com/the-nutshell/study-farming-arose-twice-in-the-ancient-middle-east-33332," Jun 21, 2016","Ancient DNA research suggests that there were two independent agricultural revolutions more than 10,000 years ago.",Agriculture and Agribusiness
82,82,Antibiotic Affects Cow Dung,https://www.the-scientist.com/the-nutshell/antibiotic-affects-cow-dung-33488," May 25, 2016",Researchers assess some of the downstream effects of treating livestock with a broad-spectrum antibiotic.,Agriculture and Agribusiness
83,83,E.U. Delays Vote on Roundup,https://www.the-scientist.com/the-nutshell/eu-delays-vote-on-roundup-33499," May 23, 2016",Newly published research on the key ingredient in the Monsanto-made weed killer is holding up lawmakers’ decisions on whether to continue to allow its sale in Europe.,Agriculture and Agribusiness
84,84,Report: Still Lots to Learn About GE Crops,https://www.the-scientist.com/the-nutshell/report-still-lots-to-learn-about-ge-crops-33523," May 17, 2016",A National Academies–led analysis evaluates the impacts of genetically engineered crops—and calls for updated regulations.,Agriculture and Agribusiness
85,85,Genetically Engineered Hornless Dairy Calves,https://www.the-scientist.com/the-nutshell/genetically-engineered-hornless-dairy-calves-33553," May 10, 2016","Researchers use a gene editor to introduce an allele that eliminates the horned trait—and thus, the need for an expensive and painful process of dehorning—in dairy cows.",Agriculture and Agribusiness
86,86,Speaking of Science,https://www.the-scientist.com/speaking-of-science/speaking-of-science-34109," Jan 31, 2016",February 2016's selection of notable quotes,Agriculture and Agribusiness
87,87,Gene Editing Without Foreign DNA,https://www.the-scientist.com/modus-operandi/gene-editing-without-foreign-dna-34126," Jan 31, 2016",Scientists perform plant-genome modifications on crops without using plasmids.,Agriculture and Agribusiness
88,88,GM Calves Move to University,https://www.the-scientist.com/the-nutshell/gm-calves-move-to-university-34324," Dec 21, 2015","The first two bulls genetically engineered to lack horns arrived at the University of California, Davis, for breeding.",Agriculture and Agribusiness
89,89,The Unregulation of Biotech Crops,https://www.the-scientist.com/news-analysis/the-unregulation-of-biotech-crops-34450," Nov 25, 2015",Genetic engineering—once a trigger for federal oversight—is now ushering some modified crops around scrutiny.,Agriculture and Agribusiness
90,90,Farming Sped Eurasian Evolution,https://www.the-scientist.com/the-nutshell/farming-sped-eurasian-evolution-34457," Nov 24, 2015",New clues from ancient DNA reveal the remarkable effect of agriculture on adaptation in Stone Age humans who lived across Europe.,Agriculture and Agribusiness
91,91,One-Third of Cactus Species Threatened,https://www.the-scientist.com/the-nutshell/one-third-of-cactus-species-threatened-34705," Oct 6, 2015",A global assessment of declining cacti populations places responsibility on increasing human activities.,Agriculture and Agribusiness
92,92,Capsule Reviews,https://www.the-scientist.com/capsule-reviews/capsule-reviews-34898," Aug 31, 2015","Brain Storms, Orphan, Maize for the Gods, and Paranoid.",Agriculture and Agribusiness
93,93,Scientists Oppose Scotland’s GM Crop Ban,https://www.the-scientist.com/the-nutshell/scientists-oppose-scotlands-gm-crop-ban-34976," Aug 19, 2015",Researchers from across the U.K. draft a letter criticizing the recent decision to keep genetically modified crops out of Scotland.,Agriculture and Agribusiness
94,94,Genome Digest,https://www.the-scientist.com/news-opinion/genome-digest-34985," Aug 17, 2015","What researchers are learning as they sequence, map, and decode species’ genomes",Agriculture and Agribusiness
95,95,Scotland Nixing GM Crops,https://www.the-scientist.com/the-nutshell/scotland-nixing-gm-crops-35011," Aug 11, 2015",The country will opt-out of growing genetically modified foods that have been approved for cultivation in the European Union.,Agriculture and Agribusiness
96,96,Judge Decides on GM Rice Retraction,https://www.the-scientist.com/the-nutshell/judge-decides-on-gm-rice-retraction-35051," Aug 3, 2015",Ethical breaches in a study on the benefits of so-called “golden rice” lead to the paper being pulled from the literature.,Agriculture and Agribusiness
97,97,Building Bigger Beefsteaks,https://www.the-scientist.com/notebook/building-bigger-beefsteaks-35063," Jul 31, 2015",Understanding the genetics of stem cell population maintenance in plants producing jumbo tomatoes could help scientists generate more-massive fruits.,Agriculture and Agribusiness
98,98,Silence of the Lambs,https://www.the-scientist.com/notebook/silence-of-the-lambs-35066," Jul 31, 2015",A die-off of newborn lambs in Australia leads to the discovery of a new toxin and clues to a devastating liver disease in children.,Agriculture and Agribusiness
99,99,Bees Drawn to Pesticides,https://www.the-scientist.com/the-nutshell/bees-drawn-to-pesticides-35585," Apr 24, 2015","One study shows the insects prefer food laced with pesticides, while another adds to the evidence that the chemicals are harmful to some pollinators.",Agriculture and Agribusiness
100,100,Study: Pesticides Harm Bees,https://www.the-scientist.com/the-nutshell/study-pesticides-harm-bees-35727," Mar 27, 2015",A researcher challenges the UK government’s conclusion that neonicotinoids aren’t that bad for pollinators.,Agriculture and Agribusiness
101,101,Reading Between the Pages,https://www.the-scientist.com/videos/reading-between-the-pages-35845," Feb 28, 2015",Researchers at Trinity College Dublin and the University of York excavate the genetic secrets contained in the DNA of old parchments.,Agriculture and Agribusiness
102,102,Slip Me Some Skin,https://www.the-scientist.com/notebook/slip-me-some-skin-35855," Feb 28, 2015",Scientists tracing the history of livestock breeding probe parchment documents for genetic information.,Agriculture and Agribusiness
103,103,Opinion: On Global GMO Regulation,https://www.the-scientist.com/opinion/opinion-on-global-gmo-regulation-35883," Feb 25, 2015",Advances in genome-editing technologies have made modifying crops easier than ever before. They’ve also clouded the already murky realm of genetically modified foods.,Agriculture and Agribusiness
104,104,USDA Approves Genetically Engineered Apples,https://www.the-scientist.com/the-nutshell/usda-approves-genetically-engineered-apples-35926," Feb 16, 2015","Apples genetically modified to resist browning can be commercially planted in the U.S., the government ruled last week.",Agriculture and Agribusiness
105,105,Corn Chronicle,https://www.the-scientist.com/the-nutshell/corn-chronicle-36106," Jan 8, 2015",A genetic analysis of ancient and modern maize clarifies the crop’s checkered domestication history.,Agriculture and Agribusiness
106,106,Along Came a Spider,https://www.the-scientist.com/notebook/along-came-a-spider-36277," Nov 30, 2014",Researchers are turning to venom peptides to protect crops from their most devastating pests.,Agriculture and Agribusiness
107,107,Barley Key to Mankind’s Alpine Incursion,https://www.the-scientist.com/the-nutshell/barley-key-to-mankinds-alpine-incursion-36326," Nov 24, 2014","The cold-tolerant cereal crop allowed humans to live and farm higher than ever starting more than 3,000 years ago.",Agriculture and Agribusiness
108,108,GMO Bans in Europe May Progress,https://www.the-scientist.com/the-nutshell/gmo-bans-in-europe-may-progress-36431," Nov 13, 2014",An environmental committee of the European Parliament approves a measure to allow members states to ban genetically engineered crops.,Agriculture and Agribusiness
109,109,Ancient Europeans Were Lactose Intolerant,https://www.the-scientist.com/the-nutshell/ancient-europeans-were-lactose-intolerant-36561," Oct 21, 2014","Five-thousand years after agricultural practices spread across Neolithic Europe, human populations remained unable to digest sugars from the milk of mammals.",Agriculture and Agribusiness
110,110,360-Degree View of the Tomato,https://www.the-scientist.com/daily-news/360-degree-view-of-the-tomato-36602," Oct 12, 2014",Researchers have sequenced 360 varieties of the tomato plant to create a comprehensive map of the evolution of the fruit from its wild form to the modern varieties. ,Agriculture and Agribusiness
111,111,Opinion: The Planet Needs More Plant Scientists,https://www.the-scientist.com/opinion/opinion-the-planet-needs-more-plant-scientists-36742," Oct 1, 2014",Academia is not producing sufficient PhDs in the plant sciences to solve the crop production challenges facing a rapidly growing population.,Agriculture and Agribusiness
112,112,Bird Diversity Drops From Forests to Farms,https://www.the-scientist.com/news-opinion/bird-diversity-drops-from-forests-to-farms-36865," Sep 11, 2014","Farms support less phylogenetically diverse bird populations than forests, but some farms are better than others.",Agriculture and Agribusiness
113,113,Light-Tolerant Tomatoes,https://www.the-scientist.com/the-nutshell/light-tolerant-tomatoes-37040," Aug 7, 2014",Upping the expression of a single gene improves the plant’s ability to withstand light and increases yields. ,Agriculture and Agribusiness
114,114,Opinion: Bumblebees in Trouble,https://www.the-scientist.com/news-opinion/opinion-bumblebees-in-trouble-37271," Jun 29, 2014",Commercialization has sickened wild bumblebees around the world. Can we save them? ,Agriculture and Agribusiness
115,115,Rusty Waves of Grain,https://www.the-scientist.com/videos/rusty-waves-of-grain-37396," May 31, 2014",See how a ruinous fungus that attacks wheat wreaks its damage.,Agriculture and Agribusiness
116,116,"Wheat Whisperer, circa 1953",https://www.the-scientist.com/foundations/wheat-whisperer-circa-1953-37409," May 31, 2014","The Green Revolution of the 20th century began with Norman Borlaug’s development of a short-statured, large-grained wheat.",Agriculture and Agribusiness
117,117,Wild Relatives,https://www.the-scientist.com/critic-at-large/wild-relatives-37411," May 31, 2014","As rich sources of genetic diversity, the progenitors and kin of today’s food crops hold great promise for improving production in agriculture’s challenging future.",Agriculture and Agribusiness
118,118,Putting Up Resistance,https://www.the-scientist.com/cover-story/putting-up-resistance-37420," May 31, 2014",Will the public swallow science’s best solution to one of the most dangerous wheat pathogens on the planet?,Agriculture and Agribusiness
119,119,Designer Livestock,https://www.the-scientist.com/features/designer-livestock-37421," May 31, 2014","New technologies will make it easier to manipulate animal genomes, but food products from genetically engineered animals face a long road to market.",Agriculture and Agribusiness
120,120,Agricultural Pest Out-Evolves GM Crop,https://www.the-scientist.com/the-nutshell/agricultural-pest-out-evolves-gm-crop-37790," Mar 19, 2014",The corn rootworm has become resistant to a genetically modified maize variety that produces an insecticidal toxin.,Agriculture and Agribusiness
121,121,E.U. Pushes Forward With GM Corn,https://www.the-scientist.com/the-nutshell/eu-pushes-forward-with-gm-corn-37962," Feb 13, 2014",The European Commission is set to approve a new strain of genetically modified maize despite opposition from member nations.,Agriculture and Agribusiness
122,122,Biodiversity = More (and Better) Coffee,https://www.the-scientist.com/the-nutshell/biodiversity-more-and-better-coffee-37978," Feb 11, 2014",Study finds that coffee plants grown in the vicinity of Mount Kilimanjaro produce more coffee beans of a better quality if they are surrounded by thriving plant and animal communities.,Agriculture and Agribusiness
124,124,New Suspect in Bee Colony Collapse,https://www.the-scientist.com/the-nutshell/new-suspect-in-bee-colony-collapse-38099," Jan 21, 2014",A virus that causes blight in plants may contribute the catastrophic decline of honeybee colonies.,Agriculture and Agribusiness
127,127,Herding Cats,https://www.the-scientist.com/the-nutshell/herding-cats-38238," Dec 17, 2013"," Examination of bones found in a Chinese village suggests that domesticated felines lived side-by-side with humans 5,300 years ago.",Agriculture and Agribusiness
128,128,Microbial Terroir,https://www.the-scientist.com/the-nutshell/microbial-terroir-38352," Nov 26, 2013",Researchers show that microbes on the surface and stems of wine grapes are nonrandomly associated with the plant’s variety and geographic region.,Agriculture and Agribusiness
130,130,Fungus Versus Plant,https://www.the-scientist.com/daily-news/fungus-versus-plant-38597," Oct 3, 2013",The crop-destroying gray mold fungus uses RNA weapons to disable plant defenses and invade.,Agriculture and Agribusiness
131,131,Going Viral,https://www.the-scientist.com/infographics/going-viral-38759," Aug 31, 2013",Bacteriophages shuttle genes between diverse ecosystems.,Agriculture and Agribusiness
133,133,Opinion: Restoring Tomato Flavor,https://www.the-scientist.com/opinion/opinion-restoring-tomato-flavor-38804," Aug 28, 2013","Commercial tomatoes rarely have that fresh vine-ripened flavor that everyone loves, but the ideal recipe for tomato taste is now known. Will growers embrace the new cultivars?",Agriculture and Agribusiness
134,134,Fungus-Fighting Genes,https://www.the-scientist.com/news-opinion/fungus-fighting-genes-39118," Jun 27, 2013",Two genes from wild relatives of wheat could save domestic wheat from fungal destruction.,Agriculture and Agribusiness
135,135,Ripening Genes Pegged,https://www.the-scientist.com/the-nutshell/ripening-genes-pegged-39177," Jun 13, 2013","Researchers identify thousands of plant genes activated by the gaseous hormone ethylene, which influences ripening, pathogen defense, growth regulation, and more.",Agriculture and Agribusiness
136,136,Making Good on Research,https://www.the-scientist.com/slideshows/making-good-on-research-39227," May 31, 2013",Scientists working in developing nations who engage in capacity building find it bolsters the lives of locals and their own work.,Agriculture and Agribusiness
137,137,It Takes a Village,https://www.the-scientist.com/features/it-takes-a-village-39252," May 31, 2013",Scientists working in developing countries find that giving back to local communities enriches their own research.,Agriculture and Agribusiness
138,138,Ladybird Bioterrorists,https://www.the-scientist.com/news-opinion/ladybird-bioterrorists-39311," May 16, 2013", The Asian harlequin ladybird carries a biological weapon to wipe out competing species.,Agriculture and Agribusiness
139,139,Sick Mold,https://www.the-scientist.com/the-literature/sick-mold-39395," Apr 30, 2013"," A virus that infects a crop-killing fungus can spread freely, opening the possibility of its use as a fungicide.",Agriculture and Agribusiness
140,140,Fighting Microbes with Microbes,https://www.the-scientist.com/features/fighting-microbes-with-microbes-39995," Dec 31, 2012", Doctors turn to good microbes to fight disease. Will the same strategy work with crops?,Agriculture and Agribusiness
141,141,Soil Bacteria May “Eat” Antibiotics,https://www.the-scientist.com/the-nutshell/soil-bacteria-may-eat-antibiotics-40064," Dec 10, 2012", Long-term exposure to antibiotics from agricultural run off may encourage the evolution of soil bacteria that break down and consume the antibacterial agents.,Agriculture and Agribusiness
142,142,Opinion: Evolving CO2-Hungry Crops,https://www.the-scientist.com/opinion/opinion-evolving-co2-hungry-crops-40093," Dec 4, 2012",Breeding plants that can convert more carbon dioxide to food could help feed a growing population.,Agriculture and Agribusiness
143,143,How Plants Feel,https://www.the-scientist.com/the-literature/how-plants-feel-40110," Nov 30, 2012", A hormone called jasmonate mediates plants' responses to touch and can boost defenses against pests.,Agriculture and Agribusiness
144,144,Ancient Butterball,https://www.the-scientist.com/the-nutshell/ancient-butterball-40160," Nov 21, 2012"," The star of Thanksgiving was domesticated by Mayans 1,000 years earlier than previously thought.",Agriculture and Agribusiness
145,145,Coconut Gene Bank Threatened,https://www.the-scientist.com/the-nutshell/coconut-gene-bank-threatened-40203," Nov 12, 2012", A deadly bacterial disease is knocking at the door of a crucial collection of coconut palms in Papua New Guinea.,Agriculture and Agribusiness
146,146,Pigs Raise Blood Pressure,https://www.the-scientist.com/news-opinion/pigs-raise-blood-pressure-40217," Nov 8, 2012",Residents surrounding strongly smelling hog farms experience higher blood pressure levels as the stench worsens.,Agriculture and Agribusiness
147,147,AAAS: Don't Label GM Foods,https://www.the-scientist.com/the-nutshell/aaas-dont-label-gm-foods-40287," Oct 29, 2012", The American Association for the Advancement of Science says labeling genetically modified food products would be misleading.,Agriculture and Agribusiness
148,148,Proteinaceous Cassava Lacks Protein,https://www.the-scientist.com/the-nutshell/proteinaceous-cassava-lacks-protein-40467," Sep 19, 2012",A PLOS ONE study claiming to have jacked up the essential crop with a gene to allow the plant to produce protein is retracted.,Agriculture and Agribusiness
149,149,Agriculture-Ecology Initiative Announced,https://www.the-scientist.com/the-nutshell/agriculture-ecology-initiative-announced-40469," Sep 18, 2012",The US Department of Agriculture announces a partnership of 10 study sites to help promote long-term research.,Agriculture and Agribusiness
150,150,Down and Dirty,https://www.the-scientist.com/notebook/down-and-dirty-40535," Aug 31, 2012"," Diverse plant communities create a disease-fighting ""soil genotype.""",Agriculture and Agribusiness
151,151,War-born Climate Change,https://www.the-scientist.com/the-nutshell/war-born-climate-change-40776," Jul 3, 2012","A nuclear war could have profound effects on crops yields around the world, according to a new study.",Agriculture and Agribusiness
152,152,Better Biofuel Crops,https://www.the-scientist.com/slideshows/better-biofuel-crops-40788," Jun 30, 2012","One way to increase biofuel production is to engineer plants that can withstand harsh environmental conditions, thereby expanding the range in which such crops can be grown. ",Agriculture and Agribusiness
153,153,Biofuels by the Numbers,https://www.the-scientist.com/infographics/biofuels-by-the-numbers-40790," Jun 30, 2012","Of the many available no- or low-carbon methods to harvest energy, including wind, geothermal, hydroelectric, and solar approaches, conversion of plant biomass to liquid fuels is the most cost-effective strategy.",Agriculture and Agribusiness
154,154,Growing Better Biofuel Crops,https://www.the-scientist.com/features/growing-better-biofuel-crops-40808," Jun 30, 2012",Research is underway to reduce the use of food crops for biofuels by shifting to dedicated energy crops and agricultural residues.,Agriculture and Agribusiness
155,155,Food for Thought,https://www.the-scientist.com/critic-at-large/food-for-thought-40915," May 31, 2012","Plant research remains grossly underfunded, despite the demand for increased crop production to support a growing population.",Agriculture and Agribusiness
157,157,Seeds Inherit Memories of Enemies,https://www.the-scientist.com/news-opinion/seeds-inherit-memories-of-enemies-40947," May 31, 2012",Infested plants pass on a defense memory of pests and pathogens to help the next generation withstand invasions.,Agriculture and Agribusiness
158,158,GM Crop Field Intruder Arrested,https://www.the-scientist.com/the-nutshell/gm-crop-field-intruder-arrested-40979," May 22, 2012",A protestor is arrested for trying to break into a field of genetically modified wheat at a UK agricultural research station.,Agriculture and Agribusiness
159,159,Revenge of the Weeds,https://www.the-scientist.com/news-opinion/revenge-of-the-weeds-40985," May 20, 2012","Plant pests are evolving to outsmart common herbicides, costing farmers crops and money.",Agriculture and Agribusiness
161,161,Conventional Yields Trump Organic,https://www.the-scientist.com/the-nutshell/conventional-yields-trump-organic-41081," Apr 26, 2012",A new meta-analysis of farming practices suggests that traditional methods of cultivating food plants result in heftier harvests than do organic strategies.,Agriculture and Agribusiness
162,162,Building a Better Sheep,https://www.the-scientist.com/the-nutshell/building-a-better-sheep-41085," Apr 25, 2012",Chinese scientists claim to have cloned a lamb carrying a roundworm gene that aids in the production of polyunsaturated fatty acids.,Agriculture and Agribusiness
163,163,Banned Antibiotics Found in Poultry,https://www.the-scientist.com/the-nutshell/banned-antibiotics-found-in-poultry-41140," Apr 6, 2012",Researchers find evidence of illegal use of antibiotics in poultry products.,Agriculture and Agribusiness
164,164,Antibiotics in the Animals We Eat,https://www.the-scientist.com/critic-at-large/antibiotics-in-the-animals-we-eat-41186," Mar 31, 2012",Low-dose antibiotics in animal feed fuel drug-resistance in human infectious diseases.,Agriculture and Agribusiness
165,165,Banana Fungus Origin Revealed,https://www.the-scientist.com/the-nutshell/banana-fungus-origin-revealed-41267," Mar 6, 2012",A fungal disease that is plaguing banana plants around the world originated in South East Asia.,Agriculture and Agribusiness
166,166,FDA Curbs Livestock Antibiotics,https://www.the-scientist.com/the-nutshell/fda-curbs-livestock-antibiotics-41510," Jan 5, 2012",The agency has limited the use of antibiotics in farm animals.,Agriculture and Agribusiness
167,167,Environmentally-Friendly Sheep?,https://www.the-scientist.com/the-nutshell/environmentally-friendly-sheep-41706," Nov 13, 2011","A new model of sheep farming shows that genetic changes can help lower methane production, leading to lower greenhouse gas emission.",Agriculture and Agribusiness
168,168,Marriage Affects Crop Diversity?,https://www.the-scientist.com/the-nutshell/marriage-affects-crop-diversity-41745," Oct 31, 2011",Nuptial arrangements between members of African farming communities could have influenced the genetic diversity of the staple crop cassava.,Agriculture and Agribusiness
169,169,Bird Flu Vax Spurs Virus Evolution,https://www.the-scientist.com/news-opinion/bird-flu-vax-spurs-virus-evolution-41773," Oct 21, 2011","Inadequate poultry immunization programs may cause higher mutations rates in the bird flu virus, rendering the vaccine ineffective and increasing the threat of cross-species transmission.",Agriculture and Agribusiness
170,170,Killing Pests by Disrupting Hibernation,https://www.the-scientist.com/the-nutshell/killing-pests-by-disrupting-hibernation-41864," Sep 30, 2011",New synthetic hormones can indirectly kill the corn earworm by disrupting its winter sleep habits.,Agriculture and Agribusiness
171,171,Big Boost to African Cassava Project,https://www.the-scientist.com/the-nutshell/big-boost-to-african-cassava-project-41966," Sep 7, 2011","Philanthropic organizations devote millions to a research project aiming to develop genetically modified, virus-resistant versions of a Sub-Saharan staple crop.",Agriculture and Agribusiness
172,172,Opinion: The Water Deficit,https://www.the-scientist.com/news-opinion/opinion-the-water-deficit-42047," Aug 23, 2011",Current farming practices draw too much of the world’s freshwater supplies to be sustainable. A change is needed to support growing agricultural demand.,Agriculture and Agribusiness
173,173,The Beginning of the End for Bananas?,https://www.the-scientist.com/news-opinion/the-beginning-of-the-end-for-bananas-42182," Jul 22, 2011","Already reeling from a 20-year losing battle with a devastating disease, the banana variety eaten in the United States is now threatened by a new—but old—enemy.",Agriculture and Agribusiness
174,174,Opinion: Food Security Needs Sound IP,https://www.the-scientist.com/news-opinion/opinion-food-security-needs-sound-ip-42191," Jul 20, 2011","To meet the agricultural demands of the growing population, appropriate technology transfer incentives are a must.",Agriculture and Agribusiness
175,175,Anti-GM Vandals Destroy Crops,https://www.the-scientist.com/the-nutshell/anti-gm-vandals-destroy-crops-42193," Jul 19, 2011","German and Australian activists opposed to genetically modified foods ruined experimental test beds of maize, wheat, and potatoes.",Agriculture and Agribusiness
176,176,Honey bee microbiome probed,https://www.the-scientist.com/the-nutshell/honey-bee-microbiome-probed-42372," Jun 9, 2011",Researchers reveal several new viruses lurking in healthy hives.,Agriculture and Agribusiness
177,177,Drought-tolerant corn trials underwater,https://www.the-scientist.com/the-nutshell/drought-tolerant-corn-trials-underwater-42440," May 26, 2011",Agribusiness giant Monsanto is finding out that it's difficult to conduct field trials of drought-resistant corn when it won't stop raining. The company hopes to launch a new line of corn seed that's been genetically engineered to thrive in drough conditions by 2013.,Agriculture and Agribusiness
178,178,Alternative Agriculture,https://www.the-scientist.com/bio-business/alternative-agriculture-42777," Feb 1, 2011","The debate over genetically engineered crops rages on, but other technologies offer new hope for sustainable farming.",Agriculture and Agribusiness
179,179,Human Effects,https://www.the-scientist.com/the-literature/human-effects-42867," Jan 1, 2011",Editor's Choice in Ecology,Agriculture and Agribusiness
180,180,The Coming Health Crisis,https://www.the-scientist.com/features/the-coming-health-crisis-42876," Jan 1, 2011", Indirect effects of global climate change threaten the health of hundreds of millions of people. The very uncertainty that shrouds this issue must serve as an organizing principle for adaptation to its ill effects.,Agriculture and Agribusiness
